date,depth,DIP,DIN,TP,TN,NO3,DSi,chla,DO,cond,env,dataset,DIN.DIP,TN.TP,season,lon,lat,region,water_level_m
2015-10-04,surface,0.41,13.59,,,10.27,336.83,3.4,3.68,130,pelagic,miller,33.1463414634146,,high,104.16687,12.65388,Central,5.185
2015-10-04,surface,0.2,1.824,,,0.464,356.697,7.5,3,100,edge,miller,9.12,,high,104.14899,12.65222,Central,5.185
2015-10-04,surface,0.097,6.841,,,0.135,473.297,10.6,0.41,60,floodplain,miller,70.5257731958763,,high,104.1413,12.64567,Central,5.185
2015-10-04,surface,0.22,1.353,,,0,395.377,9.9,0.75,60,floodplain,miller,6.15,,high,104.13542,12.64003,Central,5.185
2015-10-04,surface,0.136,2.511,,,0.195,257.277,8.1,1.11,60,floodplain,miller,18.4632352941176,,high,104.12852,12.63007,Central,5.185
2015-10-04,surface,0.186,2.224,,,0.006,126.596,7.6,2.93,60,floodplain,miller,11.9569892473118,,high,104.12143,12.6254,Central,5.185
2015-10-04,surface,0.186,2.224,,,0.006,126.596,7.6,2.93,30,floodplain,miller,11.9569892473118,,high,104.12143,12.6254,Central,5.185
2015-10-25,surface,0.489,27.029,,,0.755,219.153,3.5,5.89,110,pelagic,miller,55.2740286298569,,high,104.48435,12.51286,South,5.18
2015-10-25,surface,0.589,10.148,,,1.704,249.882,3.9,2.03,110,edge,miller,17.2292020373514,,high,104.48435,12.51012,South,5.18
2015-10-25,surface,0.34,12.552,,,0.504,270.034,4.7,2.03,120,floodplain,miller,36.9176470588235,,high,104.47363,12.50553,South,5.18
2015-10-25,surface,0.268,22.711,,,0.467,211.417,6.8,1.8,120,floodplain,miller,84.7425373134328,,high,104.47293,12.49585,South,5.18
2015-10-25,surface,0.32,11.106,,,0.504,224.642,3.1,3.15,120,floodplain,miller,34.70625,,high,104.46839,12.48966,South,5.18
2015-10-25,surface,0.273,18.736,,,0.53,268.485,5.7,2.08,70,floodplain,miller,68.6300366300366,,high,104.46389,12.48377,South,5.18
2015-11-04,surface,0.225,10.481,,,0.57,322.009,15.2,0.87,170,pelagic,miller,46.5822222222222,,high,103.71883,13.0735,North,4.86
2015-11-04,surface,0.225,10.481,,,0.57,322.009,15.3,0.74,170,pelagic,miller,46.5822222222222,,high,103.71883,13.0735,North,4.86
2015-11-04,surface,0.61,17.571,,,0.389,422.535,13.1,0.46,190,edge,miller,28.8049180327869,,high,103.69593,13.06167,North,4.86
2015-11-04,surface,0.292,14.935,,,0.418,477.925,14.5,1.04,180,floodplain,miller,51.1472602739726,,high,103.68385,13.06082,North,4.86
2015-11-04,surface,0.36,8.835,,,0.312,434.149,11.5,0.9,180,floodplain,miller,24.5416666666667,,high,103.68333,13.05496,North,4.86
2015-11-04,surface,0.269,0.88,,,0,655.535,34,0.4,190,floodplain,miller,3.27137546468401,,high,103.65775,13.03392,North,4.86
2015-11-04,surface,0.391,12.142,,,0.262,615.576,15.5,0.76,120,floodplain,miller,31.0537084398977,,high,103.66675,13.04305,North,4.86
2016-03-03,surface,0.945,19.296,,,17.786,726.69,20.6,,160,pelagic,miller,20.4190476190476,,low,104.16687,12.65388,Central,0.77
2016-03-03,surface,0.158,8.594,,,1.168,627.329,16.8,0,160,edge,miller,54.3924050632911,,low,104.14899,12.65222,Central,0.77
2016-03-02,surface,1.43,59.35,,,57.797,721.619,16.1,6.4,170,pelagic,miller,41.5034965034965,,low,104.48435,12.51286,South,0.835
2016-03-02,surface,0.051,66.208,,,51.317,439.522,16.1,0,150,edge,miller,1298.19607843137,,low,104.48435,12.51012,South,0.835
2016-03-07,surface,0.377,2.529,,,1.5,647.383,,,170,pelagic,miller,6.70822281167109,,low,103.71883,13.0735,North,0.76
2016-03-07,surface,0.369,1.565,,,0.631,334.636,4.8,,170,edge,miller,4.24119241192412,,low,103.69593,13.06167,North,0.76
2014-09-14,surface,0.113130764705882,2.57641299861591,,,0.774981087197232,156.579721813495,,,,pelagic,holtgrieve,22.7737610128782,,high,103.70402,13.24449,North,7.135
2014-09-14,surface,0.0703939557647059,1.9131552427128,,,0.430999885799308,113.631325514021,,,,edge,holtgrieve,27.1778339763657,,high,103.69703,13.24751,North,7.135
2014-09-14,surface,0.111552376,6.31992542334694,,,1.328229176,92.126337312,,,,floodplain,holtgrieve,56.6543326997082,,high,103.69299,13.24803,North,7.135
2014-09-14,surface,0.134873504,11.7462183651705,,,6.13907204628374,170.611946245714,,,,river_tributary,holtgrieve,87.0906294921386,,high,103.64252,13.2487,North,7.135
2014-09-14,surface,0.487688764705882,9.85243568556423,,,1.65327330795848,460.752862617143,,,,floodplain,holtgrieve,20.2023019568763,,high,103.6957,13.08908,North,7.135
2014-09-14,surface,0.234571353411765,1.81805634458131,,,0.351092956318339,55.2619869184498,,,,pelagic,holtgrieve,7.75054719230744,,high,104.43185,12.57056,South,7.135
2014-09-14,surface,0.257047037176471,3.14100535299654,,,1.66516787980623,75.271859262519,,,,edge,holtgrieve,12.219574236291,,high,104.43597,12.57097,South,7.135
2014-09-14,surface,0.318688138352941,3.74320229742561,,,0.864327144304498,55.5239201146298,,,,floodplain,holtgrieve,11.7456593043324,,high,104.46304,12.54738,South,7.135
2014-09-14,surface,0.150212765176471,2.1601861143391,,,0.37741295098962,107.038759793606,,,,pelagic,holtgrieve,14.3808424790084,,high,104.35156,12.74106,Central,7.135
2014-09-14,surface,0.176326305882353,3.80695648961938,,,0.827156501038062,44.7695995570934,,,,edge,holtgrieve,21.5904057569233,,high,104.34833,12.74308,Central,7.135
2014-09-14,surface,0.348339320470588,4.93552477620761,,,1.27715960386159,29.3587724933287,,,,floodplain,holtgrieve,14.1687271179721,,high,104.33956,12.74914,Central,7.135
2014-09-14,surface,0.363477707764706,3.61590057998616,,,0.527723999460208,128.867777255253,,,,pelagic,holtgrieve,9.94806697286338,,high,104.08109,13.0605,North,7.135
2014-09-14,surface,0.301546780705882,8.42938110038776,,,2.65299044548097,141.77,,,,edge,holtgrieve,27.9538089601079,,high,104.09797,13.06239,North,7.135
2014-09-14,surface,0.195874223529412,16.4260695944637,,,11.0239720899654,117.79134230692,,,,river_tributary,holtgrieve,83.8602920715454,,high,104.4882,12.5515,South,7.135
2014-09-14,surface,0.305403863058824,7.65421359247059,,,1.51445997745329,164.45,,,,pelagic,holtgrieve,25.0625958552342,,high,104.20988,12.69156,Central,7.135
2014-09-14,surface,0.403427583058823,4.00210971791004,,,1.21258149613841,83.626823098436,,,,pelagic,holtgrieve,9.92026793895869,,high,104.16687,12.65388,Central,7.135
2014-09-14,surface,0.288913206588235,5.76115392600693,,,1.0399712342699,102.829752379197,,,,edge,holtgrieve,19.940777349849,,high,104.14899,12.65222,Central,7.135
2014-09-14,surface,0.770341264,9.821601464,,,0.433822744,61.814932228,,,,floodplain,holtgrieve,12.7496759202555,,high,104.14134,12.64576,Central,7.135
2014-09-14,surface,0.0461016470588235,0.387056270242215,,,0.153378633564014,125.909490716609,,,,pelagic,holtgrieve,8.39571457714622,,high,104.20988,12.69156,Central,7.135
2015-01-01,surface,0.201905116952551,16.3377586166184,,,10.2428236310982,163.808999171308,,,,river_tributary,holtgrieve,80.9180017981309,,falling,104.29267,12.33009,,3.375
2015-01-01,surface,0.0795800200490086,2.45042521274226,,,0.127080793049677,124.669854595678,,,,pelagic,holtgrieve,30.7919652600388,,falling,104.3518,12.74111,Central,3.375
2015-01-01,surface,0.112417992871464,5.03892008687904,,,0.367315963466251,96.994894631321,,,,edge,holtgrieve,44.8230746535425,,falling,104.3491,12.74496,Central,3.375
2015-01-01,surface,0.313618587658721,5.86113174649143,,,0.325900485631544,99.8182989797282,,,,floodplain,holtgrieve,18.6887256595566,,falling,104.3396,12.74914,Central,3.375
2015-01-01,surface,0.148776168411673,1.79955095121407,,,0.00766140788594347,105.017868812653,,,,pelagic,holtgrieve,12.0956936210012,,falling,104.43185,12.57056,South,3.375
2015-01-01,surface,0.163268915125863,2.19618464914235,,,0.00756378703497453,106.019553644464,,,,edge,holtgrieve,13.4513336323042,,falling,104.43597,12.57097,South,3.375
2015-01-01,surface,0.322898164401871,5.31836259523279,,,0.0716743239028737,106.761194729338,,,,floodplain,holtgrieve,16.4707117647584,,falling,104.46304,12.54738,South,3.375
2015-01-01,surface,0.104291249721541,2.12508604143462,,,0,179.994221439073,,,,pelagic,holtgrieve,20.3764558110927,,falling,103.70402,13.24449,North,3.375
2015-01-01,surface,0.0514248407217643,1.95900495433282,,,0,181.579841657385,,,,edge,holtgrieve,38.0945264358149,,falling,103.69703,13.24751,North,3.375
2015-01-01,surface,0.101611202940521,6.19469351080418,,,0.152730568055246,177.649132755625,,,,floodplain,holtgrieve,60.964670543565,,falling,103.69299,13.24803,North,3.375
2015-01-01,surface,0.315932889284919,12.6522598707953,,,5.98557057251058,198.891218921809,,,,river_tributary,holtgrieve,40.0473021325267,,falling,103.38533,13.1499,North,3.375
2015-01-01,surface,0.22294835375362,7.05007943862776,,,0.106301581644019,156.44510571174,,,,pelagic,holtgrieve,31.6220295863624,,falling,104.04786,13.03464,North,3.375
2015-01-01,surface,0.290559425261751,9.95041803074182,,,2.27364343506349,175.429318008465,,,,edge,holtgrieve,34.2457245080863,,falling,104.05649,13.0357,North,3.375
2015-01-01,surface,0.227103541991535,6.24382330585876,,,0.14812557807975,166.303077674315,,,,pelagic,holtgrieve,27.4932889690091,,falling,104.20988,12.69156,Central,3.375
2015-03-16,surface,0.208213005,4.901898407,,,0.729004014,125.160193872,,,,pelagic,holtgrieve,23.5427100579044,,low,103.71352,13.23652,North,0.99
2015-03-16,surface,0.183802775510204,2.11457678187755,,,0.530162804571429,118.168674725143,,,,edge,holtgrieve,11.5045965764546,,low,103.70249,13.2396,North,0.99
2015-03-16,surface,0.333785844183673,12.0165204210612,,,3.22110869457143,181.582470582857,,,,pelagic,holtgrieve,36.0006891557956,,low,104.08556,13.05433,North,0.99
2015-03-16,surface,0.636002453877551,38.7414631452653,,,24.675808644,210.061216708571,,,,edge,holtgrieve,60.9140152039793,,low,104.09011,13.06404,North,0.99
2015-03-16,surface,0.689980118877551,19.2979958,,,8.86245929285714,135.414680862857,,,,edge,holtgrieve,27.9689157296209,,low,103.71355,13.10937,North,0.99
2015-03-16,surface,0.453722696326531,11.0721247834286,,,4.04194174114286,32.209773372,,,,pelagic,holtgrieve,24.4028453349847,,low,104.35733,12.73794,Central,0.99
2015-03-16,surface,0.53426413622449,40.8679797994286,,,8.26617408885714,58.1724725194286,,,,edge,holtgrieve,76.4939606244812,,low,104.35436,12.74628,Central,0.99
2015-03-16,surface,0.19176966,6.239018008,,,2.446086516,216.47,,,,river_tributary,holtgrieve,32.5339159906734,,low,103.64016,13.24947,North,0.99
2015-03-16,surface,0.692068053367347,10.792593279449,,,6.37247370257143,72.3654422577143,,,,pelagic,holtgrieve,15.5946994330055,,low,104.44922,12.57047,South,0.99
2015-03-16,surface,1.78396824489796,5.34438448979592,,,0.723996428571429,52.3451407285714,,,,edge,holtgrieve,2.99578454105365,,low,104.46111,12.57157,South,0.99
2015-03-16,surface,0.348091449795918,23.9481841234285,,,16.4594189268571,129.28,,,,river_tributary,holtgrieve,68.7985416977897,,low,104.48766,12.55004,South,0.99
2015-07-01,surface,0.369825352678183,16.6130423170997,,,9.50238910391929,153.78141625,,,,pelagic,holtgrieve,44.9213181216274,,rising,104.43185,12.57056,South,0.83
2015-07-01,surface,0.331896975468138,20.5676998673538,,,8.19372030526927,116.71471875,,,,edge,holtgrieve,61.9701334679027,,rising,104.43597,12.57097,South,0.83
2015-07-01,surface,0.0838425979097111,19.7187576618522,,,11.9475492472202,134.6327675,,,,river_tributary,holtgrieve,235.187818047898,,rising,104.4875,12.54992,South,0.83
2015-07-01,surface,0.779999410364349,3.2732804735085,,,0.451995618928727,312.02632125,,,,river_tributary,holtgrieve,4.19651659990294,,rising,103.64301,13.24963,North,0.83
2015-07-01,surface,0.407532694759762,40.0799502219916,,,36.8324109215997,318.7510375,,,,pelagic,holtgrieve,98.347815371276,,rising,103.72808,13.11546,North,0.83
2015-07-01,surface,0.548043414312672,6.84479879674844,,,1.87092933067209,291.75475,,,,pelagic,holtgrieve,12.4895192935268,,rising,103.72447,13.21238,North,0.83
2015-07-01,surface,1.00451664465089,9.25312234861373,,,1.25911159129046,284.96337625,,,,edge,holtgrieve,9.2115171987315,,rising,103.70573,13.21437,North,0.83
2015-07-01,surface,0.163358485484105,20.0780267936856,,,17.0930265792568,339.7635325,,,,pelagic,holtgrieve,122.907767748858,,rising,104.34802,12.73621,Central,0.83
2015-07-01,surface,0.14702913560749,71.0349748551459,,,66.0761538042096,286.33241875,,,,edge,holtgrieve,483.135363352617,,rising,104.34711,12.74375,Central,0.83
2015-07-01,surface,0.664135743213819,68.7423686473944,,,66.6091125625345,282.043265,,,,pelagic,holtgrieve,103.50650352704,,rising,104.08207,13.05032,North,0.83
2015-07-01,surface,0.525452948062128,44.9772347768327,,,39.3436615144724,344.88334125,,,,edge,holtgrieve,85.597073805959,,rising,104.08513,13.06011,North,0.83
2015-07-01,surface,0.551815321236754,30.1285617390768,,,24.7711163660473,299.9638775,,,,pelagic,holtgrieve,54.5989945903482,,rising,104.20988,12.69156,Central,0.83
2015-10-03,surface,0.0590948099173554,0.536982552066116,,,0,163.681795291736,,,,pelagic,holtgrieve,9.08679717926313,,high,104.46615,12.56804,South,5.19
2015-10-03,surface,0.188905747623967,4.86968086373967,,,3.6169687088843,142.400212969783,,,,floodplain,holtgrieve,25.7783626225772,,high,104.46304,12.54738,South,5.19
2015-10-03,surface,0.104892348347107,6.80684196074381,,,4.32589764669422,125.650028218802,,,,river_tributary,holtgrieve,64.893598703871,,high,104.48801,12.5505,South,5.19
2015-10-03,surface,0.142653580268595,3.11265257964876,,,0,242.177501768337,,,,river_tributary,holtgrieve,21.8196597224417,,high,103.64353,13.24953,North,5.19
2015-10-03,surface,0.083902528125,4.841064365625,,,4.39729845625,163.714632660938,,,,pelagic,holtgrieve,57.6986709913278,,high,104.35178,12.74111,Central,5.19
2015-10-03,surface,0.236185988042355,7.11340084207128,,,4.76421558858471,162.9589595379,,,,edge,holtgrieve,30.1177936127,,high,104.3491,12.74496,Central,5.19
2015-10-03,surface,0.25436076097624,1.8731301941374,,,0.515631886725207,165.072072875607,,,,floodplain,holtgrieve,7.3640689977035,,high,104.33594,12.75261,Central,5.19
2015-10-03,surface,0.360328806017562,2.80004371273244,,,0.29742280748967,168.355081507012,,,,floodplain,holtgrieve,7.77080173988635,,high,103.70524,13.09833,North,5.19
2015-10-03,surface,0.389904582257231,2.47922502626549,,,1.41059275542355,161.983202550297,,,,pelagic,holtgrieve,6.35854293353721,,high,103.70603,13.2437,North,5.19
2015-10-03,surface,0.220647160149793,8.07179687564566,,,5.15477934984504,183.778342760008,,,,edge,holtgrieve,36.5823737326412,,high,103.69694,13.24622,North,5.19
2015-10-03,surface,0.348162616967975,16.8971299120093,,,14.2805217737087,211.533823992962,,,,pelagic,holtgrieve,48.5322923499382,,high,104.08153,13.05977,North,5.19
2015-10-03,surface,0.0861164815082645,12.5898832639463,,,11.2663220766529,267.095394146849,,,,edge,holtgrieve,146.195978324289,,high,104.09254,13.06209,North,5.19
2015-10-03,surface,0.300768185123967,11.4219635603306,,,10.3945259338843,273.296251130579,,,,floodplain,holtgrieve,37.975969950488,,high,104.09339,13.06522,North,5.19
2015-10-03,surface,0.27348208357438,14.3147294459711,,,12.4170058626033,171.870121610279,,,,pelagic,holtgrieve,52.3424761830068,,high,104.20988,12.69156,Central,5.19
2016-09-01,surface,0.113281169860537,11.1812575488895,,,10.5531787760847,330.816431546991,,,,river_tributary,holtgrieve,98.7035847410029,,high,103.19714,13.0467,,4.44
2016-09-01,surface,0.340327619524793,14.6195739032025,,,12.7740006299587,331.52159480532,,,,river_tributary,holtgrieve,42.9573536335844,,high,103.2122,13.12787,,4.44
2016-09-01,surface,0.130575528125,21.609217890625,,,20.86804890625,103.441011398437,,,,river_tributary,holtgrieve,165.492096420537,,high,103.92517,12.55206,,4.44
2016-09-01,surface,0.0861066297520661,14.7965459429753,,,10.739224477686,161.53255031157,,,,river_tributary,holtgrieve,171.839798928145,,high,,,,4.44
2016-09-01,surface,0.357813399405992,2.10926690457128,,,0.560703569266529,119.745696868582,,,,river_tributary,holtgrieve,5.8948795882795,,high,,,,4.44
2016-09-01,surface,0.602302471177686,7.58651450609505,,,6.3635571946281,83.0470142160641,,,,river_tributary,holtgrieve,12.595854855553,,high,,,,4.44
2016-09-01,surface,0.475478297339876,16.6887782248192,,,13.9031371367252,153.599841667652,,,,river_tributary,holtgrieve,35.0989273710003,,high,,,,4.44
2016-09-01,surface,0.25456677419938,21.7153563888688,,,21.1743522040806,173.951171321785,,,,river_tonlesap,holtgrieve,85.303184035561,,high,,,,4.44
2016-09-01,surface,0.105274393078512,24.4765206569215,,,22.3080793520661,151.096867497056,,,,river_tonlesap,holtgrieve,232.502130301215,,high,,,,4.44
2016-09-01,surface,1.91727656407541,73.438498635873,,,30.3868011145145,174.364388005979,,,,river_tributary,holtgrieve,38.3035499478335,,high,,,,4.44
2016-09-01,surface,0.122751646280992,4.77778689586777,,,2.98265356528926,171.111393391736,,,,river_tributary,holtgrieve,38.9223854882638,,high,102.98199,13.57398,,4.44
2016-09-01,surface,0.1345252125,20.4214759375,,,17.54764305,186.68174011875,,,,river_mekong,holtgrieve,151.804078640649,,high,,,,4.44
2016-09-01,surface,0.200396553331612,22.4108393256457,,,21.9178164577996,150.210317064553,,,,river_mekong,holtgrieve,111.832458957319,,high,,,,4.44
2016-09-01,surface,0.30278541446281,13.5604376400826,,,11.3919170561983,182.867784625826,,,,river_tributary,holtgrieve,44.785636930831,,high,,,,4.44
2016-09-01,surface,0.254259420893595,16.1122117660383,,,14.8011212520145,255.216040310524,,,,river_tributary,holtgrieve,63.3691829762369,,high,,,,4.44
2016-09-01,surface,0.0730008612603306,11.6094796046488,,,9.20840371115703,136.587350583419,,,,river_tributary,holtgrieve,159.032090912569,,high,103.40446,13.59149,,4.44
2016-09-01,surface,0.0846198151084711,1.31392270932335,,,0.473374751807851,143.149096910421,,,,river_tonlesap,holtgrieve,15.5273644552293,,high,,,,4.44
2020-03-20,surface,,,10.6541791938021,1742.02346020119,,367.816551079067,14.71,0.4,,pelagic,heu,,163.506116098984,low,104.455062709747,12.5112395592566,South,0.735
2020-11-15,surface,,,15.4969879182577,135.649367802552,,184.740439682246,2.506,6.157,,pelagic,heu,,8.75327312107777,high,104.455062709747,12.5112395592566,South,5.71
2020-03-20,surface,,,3.87424697956441,264.159295194443,,339.522970226831,2.76,5.37,,pelagic,heu,,68.1833906273428,low,104.443477217427,12.5156998004564,South,0.735
2020-11-15,surface,,,3.22853914963701,271.298735605103,,174.754469969693,1.627,6.769,,pelagic,heu,,84.0314219623465,high,104.443477217427,12.5156998004564,South,5.71
2020-03-20,surface,,,20.9855044726406,114.23104657057,,304.572076232893,1.71,3.93,,pelagic,heu,,5.443330977318,low,104.480556074849,12.5420926354889,South,0.735
2020-11-15,surface,,,7.10278612920142,228.46209314114,,188.069096253098,1.414,6.136,,pelagic,heu,,32.1651375932428,high,104.480556074849,12.5420926354889,South,5.71
2020-03-20,surface,,,14.2055722584028,1513.56136706005,,324.544015658,2.22,5.575,,pelagic,heu,,106.547018277617,low,104.507999771287,12.5688033822463,South,0.735
2020-11-15,surface,,,4.51995480949182,328.414258890388,,134.810591119477,0.872,5.094,,pelagic,heu,,72.6587483133071,high,104.507999771287,12.5688033822463,South,5.71
2020-03-20,surface,,,13.5598644284754,385.529782175673,,319.551030801724,4.03,5.775,,pelagic,heu,,28.4316841225986,low,104.474480469167,12.5173685926785,South,0.735
2020-11-15,surface,,,2.90568523467331,242.740973962461,,184.740439682246,1.401,6.721,,pelagic,heu,,83.5400101380054,high,104.474480469167,12.5173685926785,South,5.71
2020-03-20,surface,,,6.77993221423772,371.250901354352,,281.271480236934,4.015,6.295,,pelagic,heu,,54.757317569449,low,104.492848236501,12.5092407839757,South,0.735
2020-11-15,surface,,,6.13422438431032,349.83258012237,,191.397752823949,1.549,6.777,,pelagic,heu,,57.0296354038086,high,104.492848236501,12.5092407839757,South,5.71
2020-03-20,surface,,,14.8512800883302,771.059564351346,,316.222374230872,4.795,5.695,,pelagic,heu,,51.9187275282235,low,104.445780934241,12.5397056944967,South,0.735
2020-11-15,surface,,,4.84280872445552,314.135378069067,,186.404767967672,1.334,6.601,,pelagic,heu,,64.8663608130394,high,104.445780934241,12.5397056944967,South,5.71
2020-03-20,surface,,,10.0084713638747,449.784745871619,,316.222374230872,2.37,4.095,,pelagic,heu,,44.9404039357204,low,104.448870839027,12.5145275939519,South,0.735
2020-11-15,surface,,,7.74849395912883,285.577616426424,,233.00595995959,1.683,6.723,,pelagic,heu,,36.8558868255905,high,104.448870839027,12.5145275939519,South,5.71
2020-03-20,surface,,,13.2370105135117,878.151170511255,,311.229389374595,2.55,5.1,,pelagic,heu,,66.3405962860633,low,104.455565632728,12.5153655070463,South,0.735
2020-11-15,surface,,,6.45707829927402,278.438176015764,,166.432828542564,1.742,6.725,,pelagic,heu,,43.121387585941,high,104.455565632728,12.5153655070463,South,5.71
2020-03-20,surface,,,8.07134787409253,685.386279423419,,322.879687372575,4.98,3.46,,pelagic,heu,,84.9159632461608,low,104.45463012865,12.5136293276662,South,0.735
2020-11-15,surface,,,3.22853914963701,207.043771909158,,164.768500257139,2.056,5.559,,pelagic,heu,,64.1292430765278,high,104.45463012865,12.5136293276662,South,5.71
2020-03-20,surface,,,3.55139306460071,114.23104657057,,316.222374230872,2.39,5.35,,pelagic,heu,,32.1651375932428,low,104.435800192596,12.5153962421709,South,0.735
2020-11-15,surface,,,6.77993221423772,164.207129445194,,193.062081109375,1.81,5.725,,pelagic,heu,,24.2195827711024,high,104.435800192596,12.5153962421709,South,5.71
2020-03-20,surface,,,11.6227409386932,813.89620681531,,326.208343943426,6.16,7.23,,pelagic,heu,,70.0261849686224,low,104.420393584014,12.5128405990345,South,0.735
2020-11-15,surface,,,13.8827183434391,692.525719834079,,198.055065965652,2.484,6.995,,pelagic,heu,,49.8840142616135,high,104.420393584014,12.5128405990345,South,5.71
2020-03-20,surface,,,5.48851655438292,442.645305460958,,367.816551079067,2.955,5.435,,pelagic,heu,,80.649352347763,low,104.422105375996,12.5254193809313,South,0.735
2020-11-15,surface,,,5.48851655438292,364.111460943691,,191.397752823949,1.759,6.864,,pelagic,heu,,66.340596286063,high,104.422105375996,12.5254193809313,South,5.71
2020-03-20,surface,,,11.6227409386932,835.314528047292,,316.222374230872,4.865,6.245,,pelagic,heu,,71.868979309902,low,104.442018095723,12.5405007632969,South,0.735
2020-11-15,surface,,,8.71705570401993,257.019854783782,,164.768500257139,1.259,7.148,,pelagic,heu,,29.4847094604725,high,104.442018095723,12.5405007632969,South,5.71
2020-03-20,surface,,,7.42564004416512,1085.19494242041,,271.28551052438,4.41,5.915,,pelagic,heu,,146.141603412776,low,104.442618910542,12.5266761964949,South,0.735
2020-11-15,surface,,,14.8512800883302,378.390341765012,,119.831636550646,1.799,7.015,,pelagic,heu,,25.478634805517,high,104.442618910542,12.5266761964949,South,5.71
2020-03-20,surface,,,1.93712348978221,299.856497247746,,356.166253081088,3.975,5.77,,pelagic,heu,,154.79472466748,low,104.46021420168,12.5201406886883,South,0.735
2020-11-15,surface,,,8.71705570401993,214.183212319818,,211.369692249057,1.308,6.698,,pelagic,heu,,24.5705912170604,high,104.46021420168,12.5201406886883,South,5.71
2020-03-20,surface,,,13.5598644284754,899.569491743237,,309.56506108917,4.15,6.415,,pelagic,heu,,66.3405962860633,low,104.46244579958,12.5251680170836,South,0.735
2020-11-15,surface,,,9.36276353394733,185.625450677176,,176.418798255118,0.879,4.759,,pelagic,heu,,19.8259253268694,high,104.46244579958,12.5251680170836,South,5.71
2020-03-20,surface,,,3.22853914963701,428.366424639637,,319.551030801724,4.78,4.975,,pelagic,heu,,132.681192572126,low,104.445451323262,12.5284357279934,South,0.735
2020-11-15,surface,,,1.61426957481851,264.159295194443,,166.432828542564,1.221,6.756,,pelagic,heu,,163.640137505622,high,104.445451323262,12.5284357279934,South,5.71
2013-01-20,surface,1.19,36.42,1.25,93.94,22.62,,13.8,2.85,123,pelagic,burnett,30.6050420168067,75.152,falling,103.823,13.2479333333333,North,2.44
2013-01-20,surface,0,25.81,1.24,45.72,2.19,,14.1,6.82,187,pelagic,burnett,,36.8709677419355,falling,103.8005,13.2331166666667,North,2.44
2013-01-20,surface,0.12,19.24,1.47,40.94,6.26,,21.2,6.91,225,pelagic,burnett,160.333333333333,27.8503401360544,falling,103.7725,13.2397166666667,North,2.44
2013-01-20,surface,1.42,20.92,1.6,52.71,9.41,,36.1,6.89,214,pelagic,burnett,14.7323943661972,32.94375,falling,103.723333333333,13.2343833333333,North,2.44
2013-01-20,surface,0.08,19.88,1,43.14,8.95,,19.4,8.65,232,pelagic,burnett,248.5,43.14,falling,103.704166666667,13.2313,North,2.44
2013-01-20,surface,0,21.93,1.11,49.28,10.32,,9.2,1.93,194,pelagic,burnett,,44.3963963963964,falling,103.682,13.2348166666667,North,2.44
2013-01-21,surface,0.14,22.71,1.11,69.62,8,,9.2,2.26,226,pelagic,burnett,162.214285714286,62.7207207207207,falling,103.689666666667,13.2154666666667,North,2.41
2013-01-21,surface,0.38,22.75,1.19,66.69,9.75,,18.4,5.63,192,pelagic,burnett,59.8684210526316,56.0420168067227,falling,103.7195,13.1995833333333,North,2.41
2013-01-21,surface,0.42,27.77,1.5,58.79,13.45,,15,6.39,155,pelagic,burnett,66.1190476190476,39.1933333333333,falling,103.744833333333,13.1738,North,2.41
2013-01-21,surface,0.4,22.02,1.19,60.08,8.75,,15.8,6.72,155,pelagic,burnett,55.05,50.4873949579832,falling,103.774166666667,13.14685,North,2.41
2013-01-21,surface,0.26,17.4,1.35,42.59,4.89,,13.5,7.18,147,pelagic,burnett,66.9230769230769,31.5481481481481,falling,103.802,13.1118166666667,North,2.41
2013-01-21,surface,0.22,16.85,1.29,51.02,3.46,,9.1,7.47,146,pelagic,burnett,76.5909090909091,39.5503875968992,falling,103.831833333333,13.08205,North,2.41
2013-01-21,surface,0.17,18.44,1.33,60.27,5.53,,10.7,7.65,155,pelagic,burnett,108.470588235294,45.3157894736842,falling,103.864,13.05375,North,2.41
2013-01-22,surface,0.12,15.74,0.87,47.08,2.7,,14.5,3.09,232,pelagic,burnett,131.166666666667,54.1149425287356,falling,103.7085,13.2177666666667,North,2.35
2013-01-22,surface,0.32,27.86,0.93,66.83,14.95,,19.9,6.78,176,pelagic,burnett,87.0625,71.8602150537635,falling,103.745833333333,13.2063666666667,North,2.35
2013-01-22,surface,0.86,35.56,1.31,65.86,12.81,,16.2,7.09,165,pelagic,burnett,41.3488372093023,50.2748091603053,falling,103.781333333333,13.1952,North,2.35
2013-01-22,surface,0.61,26.83,1.25,60.27,11.4,,12,6.98,164,pelagic,burnett,43.983606557377,48.216,falling,103.817666666667,13.1822333333333,North,2.35
2013-01-22,surface,0.63,22.54,1.3,55.1,9.24,,16.1,8.02,169,pelagic,burnett,35.7777777777778,42.3846153846154,falling,103.857666666667,13.1642833333333,North,2.35
2013-01-22,surface,0.11,19.66,1.09,39.68,6.56,,24,8.79,166,pelagic,burnett,178.727272727273,36.4036697247706,falling,103.878166666667,13.1256333333333,North,2.35
2013-01-22,surface,0.29,24.12,0.95,68.24,10.1,,20.3,8.57,176,pelagic,burnett,83.1724137931035,71.8315789473684,falling,103.884666666667,13.1648666666667,North,2.35
2013-01-22,surface,0.28,26.9,1.05,60.99,11.38,,18.9,8.03,192,pelagic,burnett,96.0714285714286,58.0857142857143,falling,103.861333333333,13.19525,North,2.35
2013-01-22,surface,0.18,17.55,0.83,55.99,4.7,,58.9,9.25,178,pelagic,burnett,97.5,67.4578313253012,falling,103.832333333333,13.2254333333333,North,2.35
2013-01-22,surface,0.7,18.15,1.05,54.79,4.1,,32.6,7.35,168,pelagic,burnett,25.9285714285714,52.1809523809524,falling,103.847333333333,13.2231333333333,North,2.35
2013-01-23,surface,0.16,17.25,1.29,55.75,3.64,,72.4,8.59,188,pelagic,burnett,107.8125,43.2170542635659,falling,103.881833333333,13.2084,North,2.27
2013-01-23,surface,0.25,17.22,1.23,60.91,6.09,,36.4,8,177,pelagic,burnett,68.88,49.520325203252,falling,103.918,13.2084166666667,North,2.27
2013-01-23,surface,0.3,29.49,1.2,57.33,16.21,,56.2,7.61,168,pelagic,burnett,98.3,47.775,falling,103.962666666667,13.1964833333333,North,2.27
2013-01-23,surface,0.52,34.52,0.9,53.04,21.55,,23.9,7.54,169,pelagic,burnett,66.3846153846154,58.9333333333333,falling,103.993666666667,13.1868666666667,North,2.27
2013-01-23,surface,0.53,35.13,1,54.9,21.61,,13,7.3,164,pelagic,burnett,66.2830188679245,54.9,falling,104.025333333333,13.1607833333333,North,2.27
2013-01-23,surface,0.3,28.31,1.45,51.04,14.93,,19.2,7.97,167,pelagic,burnett,94.3666666666667,35.2,falling,104.050166666667,13.13335,North,2.27
2013-07-14,surface,0.99,23.8,1.64,49.6,7.7,179.8,9.3,3.06,96,pelagic,burnett,24.040404040404,30.2439024390244,rising,103.711,13.2319666666667,North,2.01
2013-07-14,surface,0.86,20.6,1.65,38,11.3,189.9,17.1,6.78,129,pelagic,burnett,23.953488372093,23.030303030303,rising,103.795833333333,13.21605,North,2.01
2013-07-14,surface,0.94,28.2,1.67,32.3,20.4,161.2,24.1,6.57,128,pelagic,burnett,30,19.3413173652695,rising,103.761333333333,13.211,North,2.01
2013-07-14,surface,1.04,27.6,1.99,34.2,22.1,227.7,35.4,6.98,117,pelagic,burnett,26.5384615384615,17.1859296482412,rising,103.748666666667,13.1961166666667,North,2.01
2013-07-14,surface,1.41,30.7,2.13,34.6,24.5,256,32.2,7,119,pelagic,burnett,21.7730496453901,16.2441314553991,rising,103.788166666667,13.1874666666667,North,2.01
2013-07-14,surface,1.02,17.3,1.65,37.1,7,127.5,14.9,6.84,137,pelagic,burnett,16.9607843137255,22.4848484848485,rising,103.818333333333,13.2141166666667,North,2.01
2013-07-15,surface,0.94,19,1.45,32.7,10.7,172.4,17.7,6.44,146,pelagic,burnett,20.2127659574468,22.551724137931,rising,103.8355,13.2215166666667,North,2.055
2013-07-15,surface,0.97,27.9,1.6,46.6,17.3,195,23.6,6.9,122,pelagic,burnett,28.7628865979382,29.125,rising,103.869333333333,13.1927166666667,North,2.055
2013-07-15,surface,1.91,22.9,2.53,31.1,16.9,167,35.1,7.01,131,pelagic,burnett,11.9895287958115,12.2924901185771,rising,103.896833333333,13.1633166666667,North,2.055
2013-07-15,surface,2.06,29.5,2.82,37.9,20.3,288.1,34.5,6.95,127,pelagic,burnett,14.3203883495146,13.4397163120567,rising,103.921666666667,13.1346166666667,North,2.055
2013-07-15,surface,1.71,29.9,2.5,41.1,20.5,278.9,33.4,6.94,113,pelagic,burnett,17.4853801169591,16.44,rising,103.938166666667,13.0968,North,2.055
2013-07-15,surface,2.1,29.6,2.63,34.3,18.2,293.6,32.7,6.85,124,pelagic,burnett,14.0952380952381,13.041825095057,rising,103.955666666667,13.1258666666667,North,2.055
2013-07-15,surface,1.24,33.4,2.34,37.6,21.1,274.6,30.9,6.94,114,pelagic,burnett,26.9354838709677,16.0683760683761,rising,103.969166666667,13.1568666666667,North,2.055
2013-07-16,surface,1.27,26.8,3.11,33.5,17.8,213,28.7,6.49,115,pelagic,burnett,21.1023622047244,10.7717041800643,rising,103.977166666667,13.1815833333333,North,2.1
2013-07-16,surface,2.16,31,2.62,34,22.7,402.6,39.3,6.83,114,pelagic,burnett,14.3518518518519,12.9770992366412,rising,103.983833333333,13.14665,North,2.1
2013-07-16,surface,1.76,30.7,2.58,38.8,18.1,324.5,32.8,6.84,123,pelagic,burnett,17.4431818181818,15.0387596899225,rising,103.970666666667,13.1156333333333,North,2.1
2013-07-16,surface,1.4,29.5,2.41,35.2,20.4,309,34.6,6.7,120,pelagic,burnett,21.0714285714286,14.6058091286307,rising,103.959333333333,13.0745166666667,North,2.1
2013-07-16,surface,1.5,25.6,2.71,34,19.3,254,32,6.91,125,pelagic,burnett,17.0666666666667,12.5461254612546,rising,103.955333333333,13.0397833333333,North,2.1
2013-07-16,surface,1.53,30.2,2.25,34,24.3,296.4,33.7,7.08,112,pelagic,burnett,19.7385620915033,15.1111111111111,rising,103.980833333333,13.06735,North,2.1
2013-07-16,surface,1.49,24.8,2.63,44.8,18.4,266.5,31.6,6.99,121,pelagic,burnett,16.6442953020134,17.0342205323194,rising,104.032166666667,13.1059833333333,North,2.1
2013-07-17,surface,1.36,39.1,1.89,50.2,34.3,238.6,44.5,6.74,132,pelagic,burnett,28.75,26.5608465608466,rising,104.083166666667,13.05875,North,2.14
2013-07-17,surface,1.32,37.1,2.18,48.9,29,233.9,35.7,7.08,141,pelagic,burnett,28.1060606060606,22.4311926605505,rising,104.084666666667,13.0072,North,2.14
2013-07-17,surface,1.2,32.3,2.07,51.8,26.6,242.1,45.2,7.14,123,pelagic,burnett,26.9166666666667,25.024154589372,rising,104.112666666667,12.9671166666667,Central,2.14
2013-07-17,surface,0.77,19.1,1.64,28.1,11.5,205.3,38.3,7.21,102,pelagic,burnett,24.8051948051948,17.1341463414634,rising,104.128166666667,12.9249833333333,Central,2.14
2013-07-17,surface,0.42,12.4,1.32,36.7,7.1,197.9,28,7.4,128,pelagic,burnett,29.5238095238095,27.8030303030303,rising,104.15,12.87515,Central,2.14
2013-07-17,surface,0.59,6.5,1.65,34.5,1.5,81.4,24.7,7.22,200,pelagic,burnett,11.0169491525424,20.9090909090909,rising,104.1725,12.8315,Central,2.14
2013-07-17,surface,0.54,8.9,2.13,35.9,4.1,154.8,28,6.95,181,pelagic,burnett,16.4814814814815,16.8544600938967,rising,104.194833333333,12.7918,Central,2.14
2013-07-17,surface,0.68,13.7,1.36,37.9,7.6,267.2,49,7.41,196,pelagic,burnett,20.1470588235294,27.8676470588235,rising,104.23,12.73775,Central,2.14
2013-07-18,surface,0.58,21,1.24,35.3,13,154,33.2,6.88,159,pelagic,burnett,36.2068965517241,28.4677419354839,rising,104.2535,12.72515,Central,2.165
2014-06-24,surface,0.58,61.83,1.84,81.9,22.4,5.8,8,6.29,95,pelagic,burnett,106.603448275862,44.5108695652174,rising,103.822166666667,13.2639333333333,North,1.165
2014-06-24,surface,0.45,31.13,2.21,62.1,10.4,5.8,7.6,6.44,75,pelagic,burnett,69.1777777777778,28.0995475113122,rising,103.825166666667,13.24055,North,1.165
2014-06-24,surface,0.38,35.5,2.27,56.1,17.6,35.6,30.5,5.48,180,pelagic,burnett,93.421052631579,24.7136563876652,rising,103.8275,13.2311833333333,North,1.165
2014-06-24,surface,0.52,36.96,3.04,79.8,24.5,11.4,74.3,6.73,118,pelagic,burnett,71.0769230769231,26.25,rising,103.824333333333,13.2147833333333,North,1.165
2014-06-24,surface,1.06,20.8,4.24,74.5,6.4,9.2,60.3,7,147,pelagic,burnett,19.622641509434,17.5707547169811,rising,103.827333333333,13.1947666666667,North,1.165
2014-06-24,surface,0.9,21.71,4.25,67.3,10.9,10.7,55.9,7.02,151,pelagic,burnett,24.1222222222222,15.8352941176471,rising,103.817666666667,13.1712666666667,North,1.165
2014-06-24,surface,1.32,27.19,4.32,67.1,17.9,77.7,53.3,7.08,152,pelagic,burnett,20.5984848484849,15.5324074074074,rising,103.806833333333,13.1357166666667,North,1.165
2014-06-25,surface,0.52,37.9,3.11,54.3,24.7,24.8,12.2,5.31,90,pelagic,burnett,72.8846153846154,17.459807073955,rising,103.828111111111,13.2364722222222,North,1.175
2014-06-25,surface,0.39,34.69,3.91,57,20,21.8,16.3,5.33,86,pelagic,burnett,88.948717948718,14.5780051150895,rising,103.828305555556,13.236,North,1.175
2014-06-25,surface,0.63,39.58,3.22,68.3,26.6,75.2,46.2,6.65,176,pelagic,burnett,62.8253968253968,21.2111801242236,rising,103.8395,13.2203888888889,North,1.175
2014-06-25,surface,0.58,50.44,3.22,79.3,37.1,21.6,64.6,6.42,143,pelagic,burnett,86.9655172413793,24.6273291925466,rising,103.869527777778,13.2147222222222,North,1.175
2014-06-25,surface,0.77,40.15,3.13,71.3,27.9,13.1,61.7,6.7,134,pelagic,burnett,52.1428571428571,22.779552715655,rising,103.896444444444,13.2051388888889,North,1.175
2014-06-25,surface,0.51,33.3,3.69,77,22,9.3,74.2,6.68,128,pelagic,burnett,65.2941176470588,20.8672086720867,rising,103.933916666667,13.1959444444444,North,1.175
2014-06-25,surface,0.5,44.88,3.19,69.5,33.5,34.6,71.3,6.3,176,pelagic,burnett,89.76,21.7868338557994,rising,103.97075,13.1885833333333,North,1.175
2014-06-26,surface,0.24,27.96,2.42,59.5,14.2,55.7,6.6,4.83,144,pelagic,burnett,116.5,24.5867768595041,rising,103.822416666667,13.2518055555556,North,1.3
2014-06-26,surface,0.58,29.3,2.75,57.8,11.9,233.3,7.5,5.24,152,pelagic,burnett,50.5172413793104,21.0181818181818,rising,103.822555555556,13.24325,North,1.3
2014-06-26,surface,0.26,50.35,2.61,58.7,27.4,47.3,12.8,4.81,112,pelagic,burnett,193.653846153846,22.4904214559387,rising,103.828166666667,13.2362222222222,North,1.3
2014-06-26,surface,0.52,35.7,3.63,68.6,13.8,189.8,21.6,4.13,111,pelagic,burnett,68.6538461538462,18.8980716253444,rising,103.827694444444,13.2328611111111,North,1.3
2014-06-26,surface,0.57,39.65,2.2,71.1,16.7,189.7,26.7,4.08,196,pelagic,burnett,69.5614035087719,32.3181818181818,rising,103.827416666667,13.2298333333333,North,1.3
2014-06-26,surface,0.49,48.15,3.23,72.1,29.5,39.2,56.8,6.8,137,pelagic,burnett,98.265306122449,22.3219814241486,rising,103.811416666667,13.2225,North,1.3
2014-06-26,surface,0.52,31.76,3.05,70.8,20.1,21.2,59.4,6.73,141,pelagic,burnett,61.0769230769231,23.2131147540984,rising,103.785583333333,13.2213333333333,North,1.3
2014-06-26,surface,0.65,41.84,2.96,82.4,29,20.2,52.7,6.75,148,pelagic,burnett,64.3692307692308,27.8378378378378,rising,103.762111111111,13.2208333333333,North,1.3
2014-06-26,surface,0.9,54.77,3.2,82.1,42.3,302,59.9,6.48,137,pelagic,burnett,60.8555555555556,25.65625,rising,103.733555555556,13.2066944444444,North,1.3
2014-06-26,surface,0.46,20.66,1.68,51.7,6.2,140.6,4.6,4.21,149,pelagic,burnett,44.9130434782609,30.7738095238095,rising,103.712861111111,13.2085555555556,North,1.3
2014-11-07,surface,0.43,14.79,1.29,19.1,4.37,30.4,31.3,4.67,136,pelagic,burnett,34.3953488372093,14.8062015503876,high,103.828,13.236,North,6.395
2014-11-07,bottom,0.3,16.65,1.73,24.8,4.36,6.6,5.6,1.1,154,pelagic,burnett,55.5,14.3352601156069,high,103.828,13.236,North,6.395
2014-11-07,surface,0.31,17.31,1.38,31.2,3.9,19.2,11.1,4.23,173,pelagic,burnett,55.8387096774194,22.6086956521739,high,103.828,13.236,North,6.395
2014-11-07,bottom,0.35,18.13,1.65,37.1,3.67,6.3,14.8,1.92,195,pelagic,burnett,51.8,22.4848484848485,high,103.828,13.236,North,6.395
2014-11-08,surface,0.29,18.36,1.28,29.7,4.48,107.5,10.2,4.3,193,pelagic,burnett,63.3103448275862,23.203125,high,103.828,13.236,North,6.33
2014-11-08,bottom,0.4,19.89,1.43,41.6,5.32,94.4,6.8,1.67,173,pelagic,burnett,49.725,29.0909090909091,high,103.828,13.236,North,6.33
2014-11-08,surface,0.24,16.42,1.27,37.9,3.39,119.2,14.3,4.18,207,pelagic,burnett,68.4166666666667,29.8425196850394,high,103.831166666667,13.2124166666667,North,6.33
2014-11-08,bottom,0.27,18.44,1.38,31,4.24,90.9,11.7,3.94,206,pelagic,burnett,68.2962962962963,22.463768115942,high,103.831166666667,13.2124166666667,North,6.33
2014-11-08,surface,0.21,16.48,1.2,31.2,2.57,116.8,17.6,5.26,203,pelagic,burnett,78.4761904761905,26,high,103.861333333333,13.2033333333333,North,6.33
2014-11-08,bottom,0.27,14.88,1.4,33.2,0.25,143.6,11.1,4.61,207,pelagic,burnett,55.1111111111111,23.7142857142857,high,103.861333333333,13.2033333333333,North,6.33
2014-11-08,surface,0.23,14.2,1.77,35,1.51,75.2,27.2,6.68,209,pelagic,burnett,61.7391304347826,19.774011299435,high,103.890166666667,13.1989166666667,North,6.33
2014-11-08,bottom,0.3,16.6,1.31,25.5,3.78,91.2,16.2,5.02,208,pelagic,burnett,55.3333333333334,19.4656488549618,high,103.890166666667,13.1989166666667,North,6.33
2014-11-08,surface,1.09,20.89,1.61,32.4,4.75,109.2,21.7,6.41,205,pelagic,burnett,19.1651376146789,20.1242236024845,high,103.934666666667,13.1930666666667,North,6.33
2014-11-08,bottom,0.3,15.11,1.34,24.1,3.8,94.8,9.8,4.51,203,pelagic,burnett,50.3666666666667,17.9850746268657,high,103.934666666667,13.1930666666667,North,6.33
2014-11-08,surface,0.19,14.55,1.04,23.2,1.57,52,32.9,1.52,186,pelagic,burnett,76.5789473684211,22.3076923076923,high,103.974166666667,13.21395,North,6.33
2014-11-08,bottom,0.24,19.36,1.13,24.3,2.09,46.2,23.1,0.73,184,pelagic,burnett,80.6666666666667,21.5044247787611,high,103.974166666667,13.21395,North,6.33
2014-11-09,surface,0.38,16.12,1.79,27.6,3.04,78,18,3.48,176,pelagic,burnett,42.421052631579,15.4189944134078,high,103.8505,13.22705,North,6.285
2014-11-09,bottom,0.32,15.81,1.43,29.3,2.49,165.7,25.3,3,175,pelagic,burnett,49.40625,20.4895104895105,high,103.8505,13.22705,North,6.285
2014-11-09,surface,0.26,14.73,1.36,21.5,2.63,99.7,29.5,4.2,182,pelagic,burnett,56.6538461538462,15.8088235294118,high,103.908166666667,13.21125,North,6.285
2014-11-09,bottom,0.27,24.11,1.62,33.8,7.38,107.1,17.4,2.31,182,pelagic,burnett,89.2962962962963,20.8641975308642,high,103.908166666667,13.21125,North,6.285
2014-11-09,surface,0.24,20.26,1.45,24.1,5.53,106.2,24.6,5.98,183,pelagic,burnett,84.4166666666667,16.6206896551724,high,103.967,13.19505,North,6.285
2014-11-09,bottom,0.36,18.27,1.83,37.4,3.12,111.7,20.6,2.29,177,pelagic,burnett,50.75,20.4371584699454,high,103.967,13.19505,North,6.285
2014-11-09,surface,0.22,7.39,1.23,21.3,1.26,57.8,28,3.29,155,pelagic,burnett,33.5909090909091,17.3170731707317,high,103.974666666667,13.2205,North,6.285
2014-11-09,bottom,0.33,5.72,1.26,24.3,1.78,54.6,11.7,0.52,152,pelagic,burnett,17.3333333333333,19.2857142857143,high,103.974666666667,13.2205,North,6.285
2014-11-10,surface,0.28,5.19,1.48,18.5,1.32,80.6,31.2,2.14,149,pelagic,burnett,18.5357142857143,12.5,high,103.9745,13.2198333333333,North,6.245
2014-11-10,surface,0.25,7.05,1.7,25.9,2.4,160.1,28.3,5.93,170,pelagic,burnett,28.2,15.2352941176471,high,103.970333333333,13.1865833333333,North,6.245
2014-11-10,bottom,0.26,6.97,1.15,19.5,3.2,139,11,4.56,169,pelagic,burnett,26.8076923076923,16.9565217391304,high,103.970333333333,13.1865833333333,North,6.245
2014-11-10,surface,0.24,5.11,1.14,18.3,1.23,135.4,12,7.96,173,pelagic,burnett,21.2916666666667,16.0526315789474,high,103.954833333333,13.15035,North,6.245
2014-11-10,bottom,0.21,7,1.47,20.8,1.15,51.2,14.2,6.49,169,pelagic,burnett,33.3333333333333,14.1496598639456,high,103.954833333333,13.15035,North,6.245
2014-11-10,surface,0.25,5.58,1.18,15.1,1.21,131.7,10.6,8.25,170,pelagic,burnett,22.32,12.7966101694915,high,103.935166666667,13.14745,North,6.245
2014-11-10,bottom,0.3,6.16,1.12,15.4,2.35,105.9,11.2,6.72,164,pelagic,burnett,20.5333333333333,13.75,high,103.935166666667,13.14745,North,6.245
2014-11-10,surface,0.19,5.07,1.39,28.8,1.2,20.1,15.5,8.5,171,pelagic,burnett,26.6842105263158,20.7194244604317,high,103.902666666667,13.1753,North,6.245
2014-11-10,bottom,0.23,5.46,1.11,27.7,1.28,25.7,15.3,6.04,165,pelagic,burnett,23.7391304347826,24.954954954955,high,103.902666666667,13.1753,North,6.245
2014-11-10,surface,1.18,5.1,1.6,32.6,1.16,21.2,19.2,7.2,173,pelagic,burnett,4.32203389830509,20.375,high,103.867166666667,13.2024666666667,North,6.245
2014-11-10,bottom,0.32,7.64,1.49,36.5,2.59,34.2,9.2,3.44,169,pelagic,burnett,23.875,24.496644295302,high,103.867166666667,13.2024666666667,North,6.245
2014-11-10,surface,0.27,7.32,1.55,39.2,2.06,14.1,23.1,4.56,164,pelagic,burnett,27.1111111111111,25.2903225806452,high,103.839333333333,13.2254833333333,North,6.245
2014-11-10,bottom,0.37,14.12,3.68,54.9,5,11.1,93.8,1.23,155,pelagic,burnett,38.1621621621622,14.9184782608696,high,103.839333333333,13.2254833333333,North,6.245
2022-01-14,surface,,3.67654408247482,3.33615604511186,61.526049897549,,,,,,edge,loken,,18.4421978665228,falling,103.6826,13.2142403333333,North,2.87
2022-01-14,surface,,3.55993322267201,2.76871768978911,68.2535995130902,0.1939,,,,,edge,loken,,24.6517005922294,falling,103.683355,13.2199628333333,North,2.87
2022-01-14,surface,,3.43444565814931,25.1630371913827,84.2349622680574,0.03674,,,,,edge,loken,,3.34756737143418,falling,103.757041666667,13.2403831666667,North,2.87
2022-01-15,surface,,3.52625886183041,2.23062675533656,88.2440326415216,0.01905,,,,,edge,loken,,39.5601964472121,falling,103.744706666667,13.032366,North,2.85
2022-01-15,surface,,3.57195128045864,2.45653732525411,83.4935588682559,,,,,,edge,loken,,33.9883127400147,falling,103.757608333333,13.0401671666667,North,2.85
2022-01-15,surface,,58.4398573182834,2.39006816124138,96.8937392819151,0.2383,,,,,edge,loken,,40.5401573282284,falling,103.769361666667,13.0129045,North,2.85
2022-01-16,surface,,35.4135540134364,1.6592721820253,58.8039094076406,0.01072,,,,,edge,loken,,35.4395801030454,falling,103.8999,12.8723848333333,North,2.79
2022-01-16,surface,,28.988280951259,2.5006488556556,75.3930399023325,0.03691,,,,,edge,loken,,30.1493909198085,falling,103.998816666667,12.8074766666667,Central,2.79
2022-01-16,surface,,19.4253874645705,4.70192819012196,41.8651293809391,0.01,,,,,pelagic,loken,,8.90382151494602,falling,104.05206,12.901502,Central,2.79
2022-01-16,surface,,48.4542886404364,5.80745747989726,81.7910769131916,0.06821,,,,,edge,loken,,14.0838012497405,falling,104.102671666667,13.0424935,North,2.79
2022-01-16,surface,,52.2812859774251,2.3520843981459,96.7564424168434,0.03028,,,,,edge,loken,,41.136467081332,falling,103.88325,12.862279,North,2.79
2022-01-16,surface,,43.1533077313,1.63990740420577,68.4000495762742,0.01123,,,,,edge,loken,,41.7097022678554,falling,103.883198333333,12.8623635,North,2.79
2022-01-17,surface,,156.213401229412,1.60192364111029,197.999199311758,,,,,,edge,loken,,123.600897215379,falling,104.133961666667,12.7924523333333,Central,2.79
2022-01-18,surface,,14.161577545032,1.63990740420577,32.2836342250494,,,,,,edge,loken,,19.6862543228072,falling,104.1515,12.68672,Central,2.73
2022-01-18,surface,,22.2445063505322,1.54187281292705,35.6812756109576,0.01429,,,,,edge,loken,,23.1415168046327,falling,104.271583333333,12.7736135,Central,2.73
2022-01-18,surface,,28.6566199104714,1.84881325842219,66.0751548758808,0.01,,,,,edge,loken,,35.7392260007214,falling,104.294851666667,12.8313188333333,Central,2.73
2022-01-19,surface,,28.231861023653,3.20669808228972,40.9040508613735,0.02297,,,,,river_tonlesap,loken,,12.7558160486896,falling,104.426923333333,12.5425931666667,South,2.68
2022-01-21,surface,,47.73058216425,3.01917484286135,41.7745134042994,,,,,,river_tonlesap,loken,,13.8364008639886,falling,104.928911666667,11.5767465,,2.62
2022-02-18,surface,,,,,0.2164,,,,,river_mekong,loken,,,falling,105.0613,11.0160090322581,,1.615
2022-02-19,surface,,,,,,,,,,river_mekong,loken,,,falling,104.985486666667,11.5411795,,1.59
2022-02-19,surface,,,,,0.02274,,,,,river_mekong,loken,,,falling,105.205156666667,11.0547935,,1.59
2022-02-20,surface,,,,,0.02,,,,,river_mekong,loken,,,falling,104.9442,11.5711361038961,,1.575
2022-02-20,surface,,,,,0.02,,,,,river_mekong,loken,,,falling,105.46615890411,11.9784602739726,,1.575
2022-02-21,surface,,,,,0.02,,,,,river_mekong,loken,,,falling,106.02058125,12.4605270833333,,1.58
2022-02-22,surface,,,,,0.02,,,,,river_mekong,loken,,,falling,106.019455,12.6067736666667,,1.58
2022-02-23,surface,,,0.927730410265644,34.6121901732742,0.02,,,,,river_mekong,loken,,37.3084570585149,falling,105.9246,12.83727,,1.55
2022-02-24,surface,,,,,0.02333,,,,,river_mekong,loken,,,falling,106.027721666667,13.5554636666667,,1.585
2022-02-24,surface,,,1.01319307009569,10.6313342828789,0.2304,,,,,river_mekong,loken,,10.4929007083268,falling,106.029,13.55418,,1.585
2022-02-25,surface,,,,,0.0269,,,,,river_mekong,loken,,,falling,105.94913,13.9287868333333,,1.465
2022-02-25,surface,,,0.47193493873734,27.0408750597928,0.02,,,,,river_mekong,loken,,57.297887569292,falling,105.961655,13.5438325,,1.465
2022-04-04,surface,,53.6277609429773,3.46308283324069,50.9145012101352,0.3338,,,,,river_mekong,loken,,14.702074325635,low,104.9603,11.4679966666667,,1.15
2022-04-04,surface,,18.1017597578302,1.31705348924207,27.4801625436398,0.1378,,,,,river_mekong,loken,,20.864879648475,low,104.983841666667,11.547453,,1.15
2022-04-04,surface,,19.2795245846631,0.927730410265644,20.3028104692754,0.1365,,,,,river_mekong,loken,,21.8843860723095,low,104.945283333333,11.5941496666667,,1.15
2022-04-05,surface,,36.0833146494178,17.1340477509334,73.5474832758608,0.225,,,,,river_tonlesap,loken,,4.29247568029301,low,104.5149,12.49236,South,1.145
2022-04-05,surface,,27.3611768582179,1.79183922804854,27.468514582307,0.2262,,,,,river_tonlesap,loken,,15.3297874900431,low,104.931496666667,11.573535,,1.145
2022-04-06,surface,,47.6114467861809,6.55868365485225,71.9469067660477,0.08037,,,,,edge,loken,,10.9697174848218,low,104.2634,12.74339,Central,1.06
2022-04-06,surface,,61.9267533251944,12.6549242760671,251.880100880293,0.1853,,,,,edge,loken,,19.9037224866408,low,104.307776666667,12.79577,Central,1.06
2022-04-07,surface,,25.2591472152613,18.8052913561256,82.2379920323845,,,,,,pelagic,loken,,4.37313043839634,low,104.37738,12.619627,South,1.17
2022-04-07,surface,,24.1174668123113,17.7778571998409,80.8390475986492,0.02417,,,,,pelagic,loken,,4.54717611295543,low,104.120383333333,12.8564201666667,Central,1.17
2022-04-08,surface,,29.0088334297158,1.43100154998936,12.6670395881971,0.0881,,,,,edge,loken,,8.85186992864633,low,103.6509,13.24718,North,1.075
2022-04-09,surface,,6.78793224742445,0.661850525675587,4.1916876716143,0.01,,,,,edge,loken,,6.33328449401112,low,103.9972,12.9766561666667,North,1.095
2022-04-09,surface,,124.457566450342,11.9285029673988,165.242026672949,0.1661,,,,,edge,loken,,13.8527044948192,low,103.8494,12.8826741666667,North,1.095
2022-04-09,surface,,52.3103641971342,6.05540928658938,25.3475862265916,0.01,,,,,edge,loken,,4.18594103667405,low,103.9747,13.1998903333333,North,1.095
2022-04-09,surface,,29.4054897941699,11.3587594351232,42.5208347862095,0.01,,,,,pelagic,loken,,3.74344003225633,low,103.9975,12.9775698333333,North,1.095
2022-09-27,surface,,26.2593120649404,4.4964736442565,34.0904618361213,0.3008,,,,,river_mekong,loken,,7.58159938948296,high,104.964801666667,11.464429,,6.895
2022-09-27,surface,,21.4514456652888,7.97938293641512,37.6803189259426,,,,,,river_mekong,loken,,4.72220962776241,high,105.000811666667,11.544635,,6.895
2022-09-28,surface,,23.0787235251701,6.20857764092646,34.0941230839527,0.2626,,,,,river_mekong,loken,,5.49145473501159,high,104.941081666667,11.5884208333333,,6.98
2022-09-28,surface,,32.0785991918153,3.05243848172006,24.4117406598271,0.6776,,,,,river_tonlesap,loken,,7.9974554134408,high,104.932106666667,11.5725598333333,,6.98
2022-09-29,surface,,16.3428866114074,2.70023391734701,23.372984243255,0.03329,,,,,river_tonlesap,loken,,8.6559109168657,high,104.675025,12.3139955,,7.02
2022-09-29,surface,,14.9953976311337,1.38925008170625,3.13090044978475,0.01,,,,,river_tonlesap,loken,,2.25366223908329,high,104.5999,12.4418741666667,,7.02
2022-09-30,surface,,16.1295609886697,8.04199722468318,30.2196036968022,0.0953,,,,,edge,loken,,3.75772371619946,high,104.109116666667,12.6900565,Central,7.06
2022-09-30,surface,,18.1513304489994,2.42629559903946,26.311303483333,0.01,,,,,river_tonlesap,loken,,10.844228334647,high,104.458623333333,12.5456216666667,South,7.06
2022-09-30,surface,,25.2913068531489,4.22645154393746,78.5468253050326,0.09226,,,,,edge,loken,,18.584579638137,high,104.459723333333,12.7473786666667,Central,7.06
2022-09-30,surface,,17.2958839912328,2.1484475198217,29.2145901604232,0.0281,,,,,pelagic,loken,,13.5980003657933,high,104.355803333333,12.6543773333333,Central,7.06
2022-10-01,surface,,22.2334609436912,1.07226565091659,88.3927626778613,0.01,,,,,edge,loken,,82.4355070987322,high,104.3092,12.81551,Central,7.13
2022-10-01,surface,,15.2944822977575,1.22880137158674,38.1361447378755,0.01,,,,,pelagic,loken,,31.0352393964459,high,104.158836666667,12.806339,Central,7.13
2022-10-02,surface,,25.9377156503673,1.22880137158674,56.0730928698409,0.01,,,,,edge,loken,,45.6323488615855,high,104.18979,12.8947795,Central,7.245
2022-10-03,surface,,11.9161119607045,1.982126096989,65.7574913791257,0.1023,,,,,pelagic,loken,,33.1752311212775,high,103.952831666667,13.0008053333333,North,7.38
2022-10-04,surface,,24.8700155497012,8.90881155827347,150.554572240428,0.01,,,,,edge,loken,,16.8995124945269,high,104.0953,13.0910141666667,North,7.48
2022-10-05,surface,,25.3298984271813,5.08739639335372,51.9275299178251,1.771,,,,,edge,loken,,10.2070933544051,high,103.9757,13.20685,North,7.56
2022-10-05,surface,,14.5644584377477,1.87842219096351,19.0496564358486,0.05906,,,,,edge,loken,,10.1413071712475,high,103.6974,13.0753,North,7.56
2022-10-06,surface,,18.6744606224164,2.17192545651786,23.2941931218631,0.3447,,,,,edge,loken,,10.7251347194989,high,103.429628333333,13.3324715,,7.625
2014-03-01,surface,0.34,3.25,0.52866099900402,,2.79,270.95832369016,15.9189888,6.29,,pelagic,yoshikawa,9.55882352941176,,low,104.383055555556,12.5344444444444,South,2.16
2014-10-15,surface,0.06,1.3,1.39256231976446,,0.5,72.2792900251019,9.95,6.78,,pelagic,yoshikawa,21.6666666666667,,high,104.383055555556,12.5344444444444,South,7.115
2014-03-01,surface,0.11,1.9,0.3247707889799,,0.45,196.186644353848,53.048424,7.54,,pelagic,yoshikawa,17.2727272727273,,low,104.399166666667,12.6019444444444,South,2.16
2014-10-15,surface,0.05,0.84,1.31630668881988,,0.17,88.6578483559132,7.46,7.44,,pelagic,yoshikawa,16.8,,high,104.399166666667,12.6019444444444,South,7.115
2014-03-01,surface,0.56,2.01,0.493346920533868,,1.16,189.065532036104,10.3553736,7.33,,pelagic,yoshikawa,3.58928571428571,,low,104.408055555556,12.6722222222222,South,2.16
2014-10-15,surface,0.02,0.55,0.610021868794902,,0.1,79.400402342846,7.99,7.65,,pelagic,yoshikawa,27.5,,high,104.408055555556,12.6722222222222,South,7.115
2014-03-01,surface,0.36,2.14,0.134168012448638,,0.39,133.164800341813,53.5392,7.75,,pelagic,yoshikawa,5.94444444444445,,low,104.348333333333,12.6922222222222,Central,2.16
2014-10-15,surface,0.06,4.21,0.221402191098111,,1.01,97.203183137206,11.08,7.68,,pelagic,yoshikawa,70.1666666666667,,high,104.348333333333,12.6922222222222,Central,7.115
2014-03-01,surface,0.25,0.69,0.46801876124754,,0.13,270.246212458386,10.3776816,7.28,,pelagic,yoshikawa,2.76,,low,104.233333333333,12.6333333333333,Central,2.16
2014-10-15,surface,0.08,1.53,0.176823564708759,,0.82,106.104573534386,20.63,7.99,,pelagic,yoshikawa,19.125,,high,104.233333333333,12.6333333333333,Central,7.115
2014-03-01,surface,0.37,0.66,0.409557026326581,,0.25,231.080094710794,26.32344,8.12,,pelagic,yoshikawa,1.78378378378378,,low,104.2,12.6833333333333,Central,2.16
2014-10-15,surface,0.07,1.12,0.544186498457133,,0.45,115.718075163341,14.66,7.77,,pelagic,yoshikawa,16,,high,104.2,12.6833333333333,Central,7.115
2014-03-01,surface,0.29,0.66,0.656793231091301,,0.3,299.442772961137,30.918888,8.17,,pelagic,yoshikawa,2.27586206896552,,low,104.158055555556,12.8,Central,2.16
2014-10-15,surface,0.11,0.97,0,,0.17,157.376582222143,4.94,7.99,,pelagic,yoshikawa,8.81818181818182,,high,104.158055555556,12.8,Central,7.115
2014-03-01,surface,0.35,0.95,0.921916305809939,,0.14,290.897438179844,9.391668,8.32,,pelagic,yoshikawa,2.71428571428571,,low,104.083333333333,12.85,Central,2.16
2014-10-15,surface,0.19,2.9,0.124810091908354,,1.08,162.361360844564,8.03,7.92,,pelagic,yoshikawa,15.2631578947368,,high,104.083333333333,12.85,Central,7.115
2014-03-01,surface,0.11,1.65,0.471005757136994,,0.61,290.185326948069,60.633144,8.37,,pelagic,yoshikawa,15,,low,104,12.9333333333333,North,2.16
2014-10-15,surface,0.06,1.46,0.280200431710521,,0.35,152.391803599722,10.75,7.3,,pelagic,yoshikawa,24.3333333333333,,high,104,12.9333333333333,North,7.115
2014-03-01,surface,0.36,0.9,0.561160485425909,,0.21,225.383204856599,28.866552,8.67,,pelagic,yoshikawa,2.5,,low,103.866666666667,12.9333333333333,North,2.16
2014-10-15,surface,0.05,0.96,0.240151861666593,,0.23,138.505634580121,7.44,6.93,,pelagic,yoshikawa,19.2,,high,103.866666666667,12.9333333333333,North,7.115
2014-03-01,surface,0.27,1.43,0.419807908752725,,0.28,264.549322604191,28.821936,7.79,,pelagic,yoshikawa,5.2962962962963,,low,103.95,13,North,2.16
2014-10-15,surface,0.06,1.07,0,,0.24,139.92985704367,4.4,7.55,,pelagic,yoshikawa,17.8333333333333,,high,103.95,13,North,7.115
2014-03-01,surface,0.48,1.82,0.458799365148108,,0.83,264.549322604191,14.8705128,7.38,,pelagic,yoshikawa,3.79166666666667,,low,104.033333333333,13.0666666666667,North,2.16
2014-10-15,surface,0.06,0.8,0,,0.12,120.702853785761,2.87,7.54,,pelagic,yoshikawa,13.3333333333333,,high,104.033333333333,13.0666666666667,North,7.115
2014-03-01,surface,0.29,0.63,0.547872196157911,,0.14,238.201207028538,154.14828,13.53,,pelagic,yoshikawa,2.17241379310345,,low,103.8,13.05,North,2.16
2014-10-15,surface,0.06,0.97,0.0753334875516916,,0.31,154.528137295046,6.41,7.6,,pelagic,yoshikawa,16.1666666666667,,high,103.8,13.05,North,7.115
2014-03-01,surface,0.15,1.31,0.339344481530575,,0.35,207.224368446351,58.268496,7.92,,pelagic,yoshikawa,8.73333333333333,,low,103.85,13.1,North,2.16
2014-10-15,surface,0.07,0.96,0.153814412085023,,0.29,152.74785921561,5.05,6.87,,pelagic,yoshikawa,13.7142857142857,,high,103.85,13.1,North,7.115
2014-03-01,surface,0.12,0.67,0.393376637024346,,0.09,214.701536379983,43.27752,10.76,,pelagic,yoshikawa,5.58333333333333,,low,103.933333333333,13.1666666666667,North,2.16
2014-10-15,surface,0.07,1.07,0.259450411967276,,0.18,129.604244182941,10.51,7.94,,pelagic,yoshikawa,15.2857142857143,,high,103.933333333333,13.1666666666667,North,7.115
2014-03-01,surface,0.15,1.07,0.308753671276965,,0.15,213.989425148208,108.283032,9.54,,pelagic,yoshikawa,7.13333333333333,,low,103.766666666667,13.2,North,2.16
2014-10-15,surface,0.09,1.66,0.0518299041629435,,0.22,212.921258300547,16.86,5.49,,pelagic,yoshikawa,18.4444444444444,,high,103.766666666667,13.2,North,7.115
2014-10-15,surface,0.29,5.34,0.172714359161306,,1.01,241.405707571523,12.83,4.16,,floodplain,yoshikawa,18.4137931034483,,high,103.823611111111,13.2688888888889,North,7.115
2014-10-15,surface,0.09,1.07,0.124138206723647,,0.23,195.118477506187,10.28,5.04,,floodplain,yoshikawa,11.8888888888889,,high,103.7,13.1333333333333,North,7.115
